Vendor_Name,Number_of_Days_Until_Payment
Aaron Hoffman,100
Aaron Murphy,100
Aaron Parks,100
Aaron Thomas,100
Abigail Hernandez,100
Abigail Matthews,100
Adam Evans,100
Adam Hudson,100
Adam Johnson,100
Adam Jones,100
Adam Nelson,100
Adam Stone,100
Adrian Williams,100
Alex Grimes,100
Alexa Huber,100
Alexander Payne,100
Alexandra Morris,100
Alexis Lewis,100
Alexis Parks,100
Alexis Wang,100
Alicia Jacobs,100
Alicia Orr,100
Alison Moss,100
Alison Salas,100
Allen Brown,100
Allison Melton,100
Allison Morrow,100
Allison Sheppard,100
Alyssa Rivera,100
Amanda Gardner,100
Amanda Gonzalez,100
Amanda Monroe,100
Amanda Mueller,100
Amanda Roberts,100
Amber Brown,100
Amber Mckinney,100
Amber Sanders,100
Amber Williams,100
Amy Atkins,100
Amy Best,100
Amy Gardner,100
Amy Johnson,100
Ana Proctor,100
Andre Ward,100
Andrea Flores,100
Andrea Hanson,100
Andrea Morgan,100
Andrew Boyd,100
Andrew Dunn,100
Andrew Holland,100
Andrew Little,100
Andrew Stewart,100
Andrew Wong,100
Angel Ferguson,100
Angel Harris,100
Angel Huynh,100
Angela Cameron,100
Angela Maldonado,100
Angela Moody,100
Angela Obrien,100
Angela Russell,100
Angela White,100
Ann Ball,100
Anna Hawkins,100
Anna Johnston,100
Anna Nichols,100
Anthony Chavez,100
Anthony Jordan,100
Anthony Lawson,100
Anthony Ross,100
Anthony Russell,100
Anthony Ryan,100
Antonio Alexander,100
Antonio Medina,100
Antonio Wilson,100
April Baker,100
Ariana Quinn,100
Ariel Bell,100
Arthur Cox,100
Ashlee Campbell,100
Ashley Bradford,100
Ashley Dawson,100
Ashley Garcia,100
Ashley Patrick,100
Ashley Ramirez,100
Ashley Rose,100
Ashley Smith,100
Austin Williams,100
Barbara Ballard,100
Barbara Carrillo MD,100
Barbara Johnson,100
Barry Miller,100
Becky Ramirez,100
Benjamin Bauer,100
Benjamin Jones,100
Benjamin Torres,100
Benjamin Warren,100
Bernard Johnson DVM,100
Bernard Smith,100
Billy Barnes,100
Billy Douglas,100
Bobby Taylor,100
Brad Walker,100
Bradley Atkinson,100
Bradley Campbell II,100
Bradley Lee,100
Bradley Silva,100
Brandi Smith,100
Brandi Stanley,100
Brandon Guerrero,100
Brandon Haynes,100
Brandon Keller,100
Brandon Ruiz,100
Brenda Barrera,100
Brenda Brown,100
Brenda Johnson,100
Brenda Price,100
Brent Cruz,100
Brent Fisher,100
Brent Wade,100
Brian Alvarado,100
Brian Baker,100
Brian Bauer,100
Brian Campbell,100
Brian Carroll,100
Brian Edwards,100
Brian Foster,100
Brian Grant,100
Brian Gutierrez,100
Brian Hamilton,100
Brian Lee,100
Brian Mullins,100
Brian Newman,100
Brian Rodriguez,100
Brian Snyder,100
Brian Summers,100
Briana Williams,100
Brianna Brown,100
Brittany Bowers,100
Brittany Brown,100
Brittany Duffy,100
Brittany Hernandez,100
Brittany James,100
Brittany Nguyen,100
Brittany Pierce,100
Brittany Torres,100
Brooke Kim,100
Bruce Clements,100
Bryan Smith,100
Bryce Spencer,100
Cameron Ball,100
Cameron Davis,100
Cameron Garcia,100
Cameron Nolan,100
Carl Clark,100
Carla West,100
Carlos Freeman,100
Carol Brady,100
Carol Holland,100
Carol Patel,100
Carol Wilson,100
Casey Garcia,100
Casey Underwood,100
Catherine Bowers,100
Catherine Garcia,100
Catherine Jackson,100
Cathy Arellano,100
Chad Smith,100
Charles Clark,100
Charles Lloyd,100
Charles Rollins,100
Charles Smith,100
Chase Page,100
Chelsea Benton,100
Chelsea Sims,100
Cheryl Burns MD,100
Cheyenne Barr,100
Chloe Sanford,100
Chris Boyer,100
Chris Curtis,100
Christian Ellis,100
Christian Frank,100
Christian Munoz,100
Christian Oliver,100
Christie Scott,100
Christina Baird,100
Christina Goodwin,100
Christina Harris,100
Christina Martinez,100
Christina Summers,100
Christina Wilson,100
Christine Ferguson,100
Christine Williams,100
Christopher Anderson,100
Christopher Chen,100
Christopher Delgado,100
Christopher Greer,100
Christopher Ray,100
Christopher Richards,100
Christopher Ross,100
Christopher Sanchez,100
Christopher Simmons,100
Christopher Smith,100
Christopher Taylor,100
Christopher Thomas,100
Christopher Torres,100
Christopher Webster,100
Christopher Williams,100
Christopher Young,100
Christy Freeman,100
Cindy Lewis,100
Claire Booth,100
Clarence Hall,100
Clinton Burton,100
Cody Dominguez,100
Cody Graham,100
Cody Miller,100
Cole Stewart,100
Colin Patrick,100
Colleen Sparks,100
Collin Barrera,100
Cory Morales,100
Cory Morris,100
Courtney Ayala,100
Courtney Fry,100
Courtney Hicks,100
Courtney Morton,100
Courtney Reynolds,100
Craig Gallagher,100
Crystal Davis,100
Curtis Mcmahon,100
Cynthia Davis,100
Cynthia Hunt,100
Cynthia Johnson,100
Cynthia Miller,100
Cynthia Murray,100
Cynthia Simmons,100
Dakota Pittman,100
Dalton Fletcher,100
Dan Young,100
Dana Luna,100
Dana Nolan,100
Daniel Allen,100
Daniel Carlson,100
Daniel Gallegos,100
Daniel Guerra,100
Daniel Hill,100
Daniel Long,100
Daniel Morris,100
Daniel Patton,100
Daniel Peterson,100
Daniel Rogers,100
Daniel Watson,100
Daniel Williams,100
Danielle Frost,100
Danielle Martinez,100
Danielle Moore,100
Danielle Rogers,100
Danny Sanders,100
Darrell Evans,100
Darrell Jones,100
David Buck,100
David Costa,100
David Davis,100
David Frank,100
David Johnson,100
David Jones,100
David Martin,100
David Patton,100
David Reed,100
David Rodriguez MD,100
David Schultz,100
David Smith,100
David Stanley,100
David Stark,100
David Taylor,100
David Thomas,100
David Wells,100
Dawn Carroll,100
Dawn Miller,100
Debbie Brandt,100
Debbie Wiley,100
Deborah Davis,100
Deborah Lewis,100
Debra Lin,100
Debra Reid,100
Debra Wright,100
Denise Brown,100
Denise Campos,100
Denise Yang,100
Derek Hogan,100
Derek Huber,100
Derrick Brown,100
Derrick Hunt,100
Derrick Olson,100
Desiree Holt,100
Desiree Miller,100
Desiree Roy,100
Diana Donaldson,100
Diana Parker,100
Diane Higgins,100
Diane Proctor,100
Donald Fernandez,100
Donald Gonzalez,100
Donald Williams,100
Donna Mendez,100
Donna Skinner,100
Donna Williams,100
Donna Willis,100
Douglas Ross,100
Dr. Charles Pierce,100
Dr. Edward Stone,100
Dr. Lee Potter,100
Dr. Natalie Kaufman,100
Dustin Brandt,100
Dustin Graham,100
Eddie Frazier,100
Edward Mayo,100
Edward Mendoza,100
Edward Salazar,100
Edwin Lee,100
Edwin Owens,100
Elizabeth Bishop,100
Elizabeth Carter,100
Elizabeth Figueroa,100
Elizabeth Miller,100
Elizabeth Perry,100
Elizabeth Roach,100
Elizabeth Smith,100
Elizabeth Spencer,100
Ellen Thompson,100
Emily Ross,100
Emily Smith,100
Eric Ewing,100
Eric Fitzgerald,100
Eric Hoffman,100
Eric Montgomery,100
Eric Phillips,100
Eric Strickland,100
Eric Wilson,100
Eric Yang,100
Erica Abbott,100
Erin Bond,100
Erin Jones,100
Faith Zimmerman,100
Frances Marquez,100
Frank Thomas,100
Gabriel Smith,100
Gabriella Riggs,100
Gabrielle Herrera,100
Garrett Bennett,100
Gary Lopez,100
Gavin Shelton,100
George Moss,100
Gerald Johnson,100
Gerald Sutton,100
Gina Adkins,100
Gina Middleton,100
Gloria Lewis,100
Gloria Perkins,100
Grace Walton,100
Greg Thompson,100
Gregory Harris,100
Gregory Hickman,100
Gregory Ryan,100
Gregory Tapia,100
Gregory Tate,100
Hailey Allen,100
Hailey Gonzales,100
Haley Miller,100
Haley Morales,100
Hannah Evans,100
Hannah Johnson,100
Hannah Jones,100
Hannah Taylor,100
Harry White,100
Heather Caldwell,100
Heather Evans,100
Heather Maddox,100
Heather Palmer,100
Heather Rose,100
Heather Santos,100
Heather Stone,100
Heather Stuart,100
Heather Sullivan,100
Hector Lang,100
Heidi Mcpherson,100
Holly Young,100
Hunter Hutchinson,100
Isaac Hill,100
Isaac Perez,100
Isaac Wheeler,100
Jacob Barnes,100
Jacob Flores,100
Jacob Gonzalez,100
Jacob Tucker,100
Jacob Williams,100
Jacqueline Russell,100
Jacqueline Wood,100
Jade Sparks,100
James Allen,100
James Brown,100
James Cook,100
James Garcia,100
James Harris,100
James Jacobson,100
James Jimenez DDS,100
James Johnson,100
James Jones,100
James King,100
James Lopez,100
James Miranda,100
James Mitchell,100
James Russell,100
James Walker,100
Jamie Carroll,100
Jane Glenn,100
Janet Edwards,100
Janet Riley,100
Janice Anderson,100
Janice Cole,100
Janice Wang,100
Jared Walker,100
Jasmine Willis,100
Jasmine Wood,100
Jason Banks Jr.,100
Jason Holt,100
Jason Mooney,100
Jason Sanchez,100
Jason Schultz,100
Javier Robertson,100
Jay Goodman,100
Jay Tyler,100
Jeanette Morales,100
Jeff Craig,100
Jeffrey Brooks Jr.,100
Jeffrey Gutierrez,100
Jeffrey Jones,100
Jennifer Blackwell,100
Jennifer Calderon,100
Jennifer Chapman,100
Jennifer Fisher,100
Jennifer Fitzgerald,100
Jennifer Franklin,100
Jennifer Gates,100
Jennifer Griffin,100
Jennifer Hill,100
Jennifer Jackson,100
Jennifer Johnson,100
Jennifer Lin,100
Jennifer Lopez,100
Jennifer Maldonado,100
Jennifer Martin,100
Jennifer Miller,100
Jennifer Owen,100
Jennifer Richardson,100
Jennifer Smith,100
Jennifer Taylor,100
Jennifer Valenzuela,100
Jennifer Weber,100
Jeremy Cummings,100
Jeremy Lambert,100
Jeremy Rodriguez,100
Jerry Cox,100
Jerry Graham,100
Jessica Anderson,100
Jessica Carpenter,100
Jessica Clark,100
Jessica Evans,100
Jessica Francis,100
Jessica Garcia,100
Jessica Green,100
Jessica Hansen,100
Jessica Lee,100
Jessica Phillips,100
Jessica Ramsey,100
Jessica Wheeler,100
Jessica White,100
Jill Allen,100
Jim Scott,100
Jimmy Harris,100
Jimmy Kim,100
Jo Hess,100
Jo Thomas,100
Jo White,100
Joan Ball,100
Joan Stafford,100
Joanna Jenkins,100
Joanne Miller,100
Jody Grant,100
Jody Long,100
Jody Rodriguez,100
Joel Blackwell,100
Joel Garcia,100
John Bennett,100
John Hayes,100
John Lewis,100
John Mack PhD,100
John Michael,100
John Mora,100
John Newton,100
John Rocha,100
John Smith,100
John Stone,100
John Taylor,100
John Thomas,100
John Vaughn,100
Johnny Walker,100
Jon Hayden,100
Jonathan Banks,100
Jonathan Gibbs,100
Jonathan Hall,100
Jonathan Hunt,100
Jonathan Johnson,100
Jonathan Martin,100
Jonathan Pacheco,100
Jonathan West,100
Jonathon French,100
Jordan Adams,100
Jordan Collins,100
Jordan Dominguez,100
Jordan Franklin,100
Jordan Soto,100
Jorge Keller,100
Jose Marquez,100
Jose Perez,100
Jose Taylor,100
Jose Whitney,100
Joseph Clark,100
Joseph Decker,100
Joseph Gregory,100
Joseph Hamilton,100
Joseph Lopez,100
Joseph Owens,100
Joseph Rose,100
Joseph Stewart,100
Joseph Sullivan,100
Joseph Thompson,100
Joseph Turner,100
Joseph Wyatt,100
Joshua Bass,100
Joshua Clay,100
Joshua Day,100
Joshua Evans,100
Joshua Garcia,100
Joshua Graham,100
Joshua Guerrero,100
Joshua Jackson,100
Joshua Riley,100
Joshua Thompson,100
Joshua Wood,100
Joy Watson,100
Juan Ellis,100
Juan Jordan,100
Judy Long,100
Julie Martin,100
Julie Norris,100
Julie Parker,100
Justin Davis,100
Justin Glass,100
Justin Gonzales,100
Justin Knight,100
Justin Terry,100
Kaitlyn Cruz,100
Kara Cox,100
Kara Stark,100
Karen Brown,100
Karen Gonzalez,100
Karen Hall,100
Karen Jones,100
Karen Parrish,100
Karen Ponce,100
Karen Preston,100
Karen Wolfe,100
Katelyn Mitchell,100
Katherine Colon,100
Katherine Cox MD,100
Katherine Gill,100
Katherine Salas,100
Katherine Smith,100
Kathleen Garcia,100
Kathleen Garza,100
Kathryn Cabrera,100
Kathryn Garcia,100
Kathryn Lee,100
Kathy Perez,100
Katie West,100
Kayla Osborn,100
Keith Goodman,100
Keith Griffin,100
Keith Myers,100
Keith Navarro,100
Keith Peterson,100
Kelli Martinez,100
Kelli Nunez,100
Kellie Le,100
Kellie Mcdaniel,100
Kelly Coleman,100
Kelly Jones,100
Kelly Lee,100
Kelly Little,100
Kelsey Hamilton,100
Kelsey Ortega,100
Kendra Mosley,100
Kendra Watson,100
Kenneth Brown,100
Kenneth Donovan,100
Kenneth Evans,100
Kenneth Hall,100
Kenneth Hamilton,100
Kenneth Mcclure,100
Kenneth Sellers,100
Kenneth Tucker,100
Kenneth Walker,100
Kevin Hodges,100
Kevin Maynard,100
Kevin Smith,100
Kim Alvarez,100
Kimberly Bishop,100
Kimberly Brewer,100
Kimberly Flores,100
Kimberly Harris,100
Kimberly Jackson,100
Kimberly Oliver,100
Kimberly Thompson,100
Kimberly White,100
Kirsten Perry,100
Krista Hall,100
Kristen Garcia,100
Kristen Harris,100
Kristen Mason,100
Kristen Robertson,100
Kristen Scott,100
Kristen Stanley,100
Kristin Olson,100
Kristin Perez,100
Kristin Wells,100
Kristina Harris,100
Kristina Mcgrath,100
Kristopher Graham PhD,100
Kurt Ross,100
Kyle Cortez,100
Kyle Douglas,100
Kyle Hendrix,100
Kyle Nicholson,100
Kyle Strickland,100
Lacey Allen MD,100
Lance Scott,100
Larry Johnson,100
Latasha Mendez,100
Laura Bowman,100
Laura Bryant,100
Laura Hicks,100
Laura Martin,100
Laura Porter,100
Laura Rodriguez,100
Lauren Collins,100
Lauren Gonzalez,100
Lauren Harrison,100
Lauren Porter,100
Lauren White,100
Laurie Burns,100
Laurie Foster,100
Laurie Nguyen,100
Lawrence Schwartz,100
Lawrence Whitehead,100
Leah Harris,100
Lee Williams,100
Leonard Beck,100
Linda Bowen,100
Linda Turner,100
Lisa Bernard,100
Lisa Black,100
Lisa Frazier,100
Lisa Gonzalez,100
Lisa Huynh,100
Lisa Mathews,100
Lisa Michael,100
Lisa Morrison,100
Lisa Murray,100
Lisa Rice,100
Lisa Ruiz,100
Lisa Schneider,100
Loretta Johnson,100
Loretta Mcmillan,100
Lori Aguilar,100
Lori Rodgers,100
Lori Thomas,100
Lorraine Hansen,100
Lucas Dillon,100
Luke Davis,100
Lynn Davis,100
Lynn Mcdonald,100
Madison Williams,100
Manuel Smith,100
Marcia Huang,100
Marcus Barton,100
Marcus Elliott,100
Marcus Maddox,100
Maria Craig,100
Maria Green,100
Maria Harvey,100
Maria Mathews,100
Maria Mckenzie,100
Maria Ortiz,100
Maria Richards,100
Marissa Perez,100
Mark Butler,100
Mark Hawkins,100
Mark Hernandez,100
Mark Krueger,100
Mark Miller,100
Mark Ramirez,100
Mark Salinas,100
Mark Soto,100
Mark Thomas,100
Mark Vasquez,100
Mark Williamson,100
Martha Daniels,100
Martin Pope,100
Mary Boone,100
Mary Campbell,100
Mary Cooper,100
Mary Horne,100
Mary Johnson,100
Mary Rivers,100
Mathew Cole,100
Matthew David,100
Matthew Edwards,100
Matthew Estrada,100
Matthew Hernandez,100
Matthew Jackson,100
Matthew Jones,100
Matthew Larson,100
Matthew Mitchell,100
Matthew Perkins,100
Matthew Peterson,100
Matthew Ray,100
Matthew Shields,100
Matthew Smith,100
Matthew Wright,100
Maureen Bullock,100
Meagan Davis,100
Meagan Hall,100
Megan Smith,100
Melanie Chaney,100
Melinda Russo,100
Melissa Daniels,100
Melissa Durham,100
Melissa Gray,100
Melissa Huang,100
Melissa Kemp,100
Melissa Martin,100
Melissa Robinson,100
Meredith Craig,100
Michael Adams,100
Michael Baker,100
Michael Bradley,100
Michael Brooks,100
Michael Clark,100
Michael Collins,100
Michael Curry,100
Michael Davis,100
Michael Foley,100
Michael Francis,100
Michael Garcia,100
Michael Green,100
Michael Hammond,100
Michael Harris,100
Michael Hernandez,100
Michael Jones,100
Michael Montes,100
Michael Montgomery,100
Michael Padilla,100
Michael Pearson,100
Michael Peterson,100
Michael Pittman,100
Michael Reid,100
Michael Ryan,100
Michael Sanchez,100
Michael Schaefer,100
Michael Schultz,100
Michael Smith,100
Michael Soto,100
Michael Taylor,100
Michael Tucker,100
Micheal Wallace,100
Michele Brewer,100
Michelle Jacobson,100
Michelle Robinson,100
Miguel Black,100
Miranda Martinez,100
Miss Michelle Smith,100
Miss Nancy Hoffman,100
Molly Green,100
Monica Mendoza,100
Monique Rodriguez,100
Morgan Duke,100
Mr. Brendan Powell MD,100
Mr. Brian Chavez,100
Mr. Charles Rhodes II,100
Mr. Colin Cole,100
Mr. Ernest Chan MD,100
Mr. Michael Watson,100
Mr. Robert Wells,100
Mr. Robert Young,100
Mr. Shane Serrano,100
Mr. William Bartlett,100
Mrs. Cynthia Hickman,100
Mrs. Gina Williams DDS,100
Mrs. Lisa Camacho,100
Ms. Erica King,100
Ms. Rebecca Drake MD,100
Nancy Harvey,100
Nancy Romero,100
Natalie Brown,100
Natalie Miller,100
Natalie Pope,100
Natalie Robles,100
Nathan Crosby,100
Nathan Juarez,100
Nathan Rocha,100
Nathaniel Herrera,100
Nathaniel Mendez,100
Nathaniel Pham,100
Nicholas Gardner,100
Nicholas Gray,100
Nicholas Hardin,100
Nicholas Russell,100
Nichole Harris MD,100
Nicole Burns,100
Nicole Cruz,100
Nicole Gomez,100
Nicole Johnson,100
Nicole Morris,100
Nicole Taylor,100
Norman Jimenez,100
Oscar Herrera,100
Paige Garcia,100
Pamela Brown,100
Patricia Gutierrez,100
Patricia Jones,100
Patricia Phillips,100
Patricia Smith,100
Patricia Wallace MD,100
Patrick Anderson,100
Patrick Avila,100
Patrick Benton,100
Patrick Wade,100
Paul Barry,100
Paul Lynch,100
Paul Sloan,100
Paul Thomas,100
Perry Gonzales,100
Peter Chung,100
Peter Sosa,100
Philip Curry,100
Phillip Olson,100
Phillip Roberts,100
Phyllis Espinoza,100
Phyllis Guzman,100
Phyllis Murphy,100
Rachael Nelson,100
Rachel Adams,100
Rachel Butler,100
Rachel Flores,100
Rachel Miller,100
Rachel Savage,100
Rachel Serrano,100
Ralph Garcia,100
Randall Sanchez,100
Raven Moore,100
Raven Reyes,100
Raymond Henson,100
Raymond Smith,100
Rebecca Li,100
Rebecca Mayo,100
Rebecca Mcdonald,100
Rebecca Osborne,100
Rebecca Ramirez,100
Regina Scott,100
Reginald Foster,100
Renee Horne,100
Renee Perez,100
Rhonda Walker,100
Richard Brown,100
Richard Holland,100
Richard Mcintyre,100
Richard Moore,100
Richard Phelps,100
Richard Rhodes,100
Richard Rogers,100
Richard Sheppard,100
Richard Waters,100
Richard Williams,100
Richard Woods,100
Richard Young,100
Rita Salazar,100
Robert Alexander,100
Robert Bryant,100
Robert Collins,100
Robert Colon,100
Robert Hancock,100
Robert Harris,100
Robert Howard,100
Robert Johnson,100
Robert Rodriguez,100
Robert Taylor,100
Robert Thomas,100
Robert Williams,100
Roberto Thomas,100
Robin Casey,100
Robin Morales,100
Rodney Campbell,100
Rodney Cox,100
Rodney Gomez,100
Rodney Hawkins,100
Rodney Maxwell,100
Rodney Richard,100
Roger Lee,100
Ronald Anderson,100
Ronald Gomez,100
Ronald Hernandez,100
Ronald Kelly,100
Ronnie Rodriguez,100
Roy Bryant,100
Ruben Hendricks,100
Ruth Kelly,100
Ryan Baker,100
Ryan Brooks,100
Ryan Burke,100
Ryan Gallagher,100
Ryan Garcia,100
Ryan Lewis,100
Ryan Mullins,100
Ryan Reyes,100
Sally Chung,100
Samantha Acosta,100
Samantha Campbell,100
Samantha Sanford,100
Samantha Smith,100
Sandra Alvarado,100
Sandra Charles,100
Sandra Cole,100
Sandra Mercer,100
Sara Bauer,100
Sara Morgan,100
Sara Walker,100
Sara White,100
Sarah Barnett,100
Sarah Gardner DDS,100
Sarah Montgomery,100
Sarah Nichols,100
Sarah Padilla,100
Savannah Campbell,100
Scott Craig,100
Scott Floyd,100
Scott Ramirez,100
Sean Bowen,100
Sean Daugherty,100
Sean Gibson,100
Sean Richards,100
Sean Stevens,100
Shane Martinez,100
Sharon Lewis,100
Sharon Melendez,100
Sharon Reynolds,100
Sharon Santiago,100
Shawn Burke,100
Shawn Johnson,100
Shawn Walker,100
Shawn Watson,100
Sheila Collins,100
Shelby Rodriguez,100
Shelby Thompson,100
Shelley Park,100
Shelly Martin,100
Sherri Ford,100
Sherri Rubio,100
Sherry Lyons,100
Sherry Steele,100
Shirley Cervantes,100
Sierra Baker,100
Sonya Hernandez,100
Stacey Henson,100
Stacy Calderon,100
Stacy Cortez,100
Stefanie Bryant,100
Stephanie Berry,100
Stephanie Foster,100
Stephanie Frazier,100
Stephanie Garrison,100
Stephanie Gomez,100
Stephanie Kelley,100
Stephanie Long,100
Stephanie Mccall,100
Stephanie Nelson,100
Stephanie Smith,100
Stephen Beck,100
Stephen Mccarthy,100
Stephen Tran,100
Steve Smith,100
Steven Alexander,100
Steven Barajas,100
Steven Blackwell,100
Steven Fox,100
Steven Gardner,100
Steven Hernandez,100
Steven Morales,100
Steven Osborne,100
Steven Reese,100
Steven Salinas,100
Steven Smith,100
Steven Williams,100
Susan Cordova,100
Susan Franklin MD,100
Susan Guzman,100
Susan Maxwell,100
Susan Miranda,100
Susan Pacheco,100
Susan Sims,100
Tammy Brown,100
Tammy Everett,100
Tammy Jackson,100
Tammy Meadows,100
Tammy Thompson,100
Tanya Hooper,100
Tara Cobb,100
Taylor Lawson,100
Taylor Nixon,100
Teresa Castillo,100
Teresa Kennedy,100
Teresa Marshall,100
Teresa Myers,100
Teresa Sanders,100
Terry Dixon,100
Terry Gordon,100
Terry Moore,100
Thomas Carrillo,100
Thomas Dominguez,100
Thomas Herrera,100
Thomas Jensen,100
Thomas Mccormick,100
Thomas Nichols,100
Thomas Saunders,100
Thomas Trujillo,100
Thomas Weber,100
Tiffany Haynes,100
Tiffany Stafford,100
Tiffany Stevens,100
Tiffany Stone,100
Tiffany Watson,100
Tiffany Wilkins,100
Timothy Adams,100
Timothy Bridges,100
Timothy Hart,100
Timothy Hicks,100
Timothy Hill,100
Timothy Holmes,100
Timothy Ingram,100
Timothy Roberts,100
Tina Williams,100
Todd Knight,100
Todd Valencia,100
Todd White,100
Tony Jones,100
Tony Mckinney,100
Tony Simmons,100
Tonya Francis,100
Tonya Patel,100
Tracey Black,100
Tracey James,100
Travis Brown,100
Travis Cunningham,100
Travis Simpson,100
Trevor Poole,100
Tyler Bowers,100
Tyler James,100
Tyler Roberts,100
Tyler Thomas,100
Tyrone Mendez,100
Valerie Thomas,100
Valerie Wells,100
Veronica Brown,100
Veronica Garrett DVM,100
Veronica Kelley,100
Veronica Rodriguez,100
Veronica Russell,100
Vicki Ortiz,100
Victor Boyd,100
Victor Martinez,100
Victor Roy,100
Victoria Gregory,100
Victoria Hess,100
Victoria Johnson,100
Vincent Thompson,100
Virginia Freeman,100
Walter Caldwell,100
Wanda Curry,100
Wanda Hill,100
Wanda Salazar,100
Wendy Coleman,100
Wendy James,100
Wendy Walker,100
Wesley Anthony,100
Wesley Sanchez,100
Wesley Snyder,100
William Baker,100
William Cole,100
William Gray,100
William Jackson,100
William Lee,100
William Leon,100
William Monroe,100
William Rodriguez,100
William Taylor,100
William Willis,100
Willie Obrien,100
Yvette Reed,100
Zachary Booth,100
Zachary Coleman,100
Zachary Dudley,100
Zachary Hernandez,100
Zachary Simmons,100
Zachary Williams,100
